<?xml version="1.0" encoding="UTF-8"?>
<beans xmlns="http://www.springframework.org/schema/beans"
	xmlns:xsi="http://www.w3.org/2001/XMLSchema-instance"
	xmlns:aop="http://www.springframework.org/schema/aop"
	xmlns:context="http://www.springframework.org/schema/context"
	xmlns:tx="http://www.springframework.org/schema/tx"
	xmlns:mybatis-spring="http://mybatis.org/schema/mybatis-spring"
	xsi:schemaLocation="http://mybatis.org/schema/mybatis-spring http://mybatis.org/schema/mybatis-spring-1.2.xsd
		http://www.springframework.org/schema/beans https://www.springframework.org/schema/beans/spring-beans.xsd
		http://www.springframework.org/schema/context http://www.springframework.org/schema/context/spring-context-4.3.xsd
		http://www.springframework.org/schema/aop http://www.springframework.org/schema/aop/spring-aop-4.3.xsd
		http://www.springframework.org/schema/tx http://www.springframework.org/schema/tx/spring-tx-4.3.xsd">
	
	<!-- Root Context: defines shared resources visible to all other web components -->
	<context:component-scan base-package="com.ssafy.ws.model,com.ssafy.ws.aop" />
	<aop:aspectj-autoproxy/>
	
	<bean id="datasource" class="org.apache.commons.dbcp2.BasicDataSource">
		<property name="driverClassName" value="com.mysql.cj.jdbc.Driver"/>
		<property name="url" value="jdbc:mysql://localhost:3306/ssafyws?serverTimezone=UTC"/>
		<property name="username" value="ssafy"/>
		<property name="password" value="ssafy"/>
	</bean>
	<!-- 	
	<bean id="datasource" class="org.springframework.jdbc.datasource.SimpleDriverDataSource">
		<property name="driverClass" value="com.mysql.cj.jdbc.Driver"/>
		<property name="url" value="jdbc:mysql://localhost:3306/ssafyws?serverTimezone=UTC"/>
		<property name="username" value="ssafy"/>
		<property name="password" value="ssafy"/>
	</bean>
	-->
	
	<!-- 트랜잭션 처리 -->
	<bean id="transactionManager" class="org.springframework.jdbc.datasource.DataSourceTransactionManager">
		<constructor-arg ref="datasource" />
	</bean>
	<tx:annotation-driven transaction-manager="transactionManager"/>
	
	<bean id="sqlSessionFactory" class="org.mybatis.spring.SqlSessionFactoryBean">
		<property name="dataSource" ref="datasource" /> <!-- spring 기본 데이터 타입이 아니라서 reference -->
		<property name="mapperLocations" value="classpath*:mappers/**/*.xml" /> <!-- spring 기본 데이터 타입은 value -->
		<property name="typeAliasesPackage" value="com.ssafy.ws.dto" /> <!-- mapper.xml에서 사용하려고 미리등록 -->
	</bean>
	
	<mybatis-spring:scan base-package="com.ssafy.ws.model.repo"/>
</beans>
