<?xml version="1.0" encoding="UTF-8"?>
<!DOCTYPE mapper PUBLIC "-//mybatis.org//DTD Mapper 3.0//EN" "http://mybatis.org/dtd/mybatis-3-mapper.dtd">
<mapper namespace="com.ssafy.happyhouse.model.mapper.UserMapper">
	<select id="idCheck" parameterType="string" resultType="int">
		select count(userid)
		from user
		where userid = #{userid}
	</select>
	
	<insert id="registerUser" parameterType="UserDto">
		insert into user (userid, userpass, username, userphone, useraddress)
		values (#{userId}, #{userPass}, #{userName}, #{userPhone}, #{userAddress})
	</insert>

	<select id="login" parameterType="map" resultType="UserDto">
		select userid, username
		from user
		where userid = #{userId} and userpass = #{userPass}
	</select>
	
	<select id="getUser" parameterType="String" resultType="UserDto">
		select userid, username, userphone, useraddress
		from user
		where userid = #{userid}
	</select>
	
	<update id="updateUser" parameterType="UserDto">
		update user
		<trim prefix="set" suffixOverrides=",">
			<if test="userName != null">username = #{userName},</if>
			<if test="userPhone != null">userphone = #{userPhone},</if>
			<if test="userAddress != null">useraddress = #{userAddress},</if>
		</trim>
		where userid = #{userId}
	</update>
	
	<delete id="deleteUser" parameterType="String">
		delete from user
		where userid = #{userId}
	</delete>
</mapper>