<?xml version="1.0" encoding="UTF-8"?>
<!DOCTYPE mapper PUBLIC "-//mybatis.org//DTD Mapper 3.0//EN" "http://mybatis.org/dtd/mybatis-3-mapper.dtd">
<mapper namespace="com.ssafy.ws.model.repo.BookRepo">
	<insert id="insert">
		insert into book values (#{isbn},#{title},#{author},#{price},#{content},#{img})
	</insert>
	
	<update id="update">
		update book set title=#{title}, author=#{author}, price=#{price}, content=#{content}, img=#{img} where isbn=#{isbn}
	</update>
	
	<delete id="delete">
		delete from book where isbn=#{isbn}
	</delete>
	
	<select id="select" resultType="Book">
		select * from book where isbn=#{isbn}
	</select>
	
	<select id="search" resultType="Book">
		select * from book
		<if test="key!='none'">
			where ${key} like concat('%',#{word},'%')
		</if>
		<if test="orderBy!='none'">
			order by ${orderBy} ${orderByDir}
		</if>
		<if test="limit">
			limit #{offset},#{countPerPage}
		</if>
	</select>
	
	<select id="getTotalSearchCount" resultType="int">
		select count(*) from book
		<if test="key!='none'">
			where ${key} like concat('%',#{word},'%')
		</if>
	</select>
</mapper>